,minibatch_loss,epoch_avg_loss,epoch_val_loss,learning_rate,evaluation_loss,training_confusion_matrix,validation_confusion_matrix,evaluation_confusion_matrix,train_ious,train_dices,train_precision,train_recall,train_specificity,train_sensitivity,val_ious,val_dices,val_precision,val_recall,val_specificity,val_sensitivity,test_ious,test_dices,test_precision,test_recall,test_specificity,test_sensitivity
0,1.015802025794983,,,,,,,,,,,,,,,,,,,,,,,,,
1,0.9390636086463928,,,,,,,,,,,,,,,,,,,,,,,,,
2,0.8823682069778442,,,,,,,,,,,,,,,,,,,,,,,,,
3,0.8432819247245789,,,,,,,,,,,,,,,,,,,,,,,,,
4,0.8036476373672485,,,,,,,,,,,,,,,,,,,,,,,,,
5,0.774682879447937,,,,,,,,,,,,,,,,,,,,,,,,,
6,0.74845951795578,,,,,,,,,,,,,,,,,,,,,,,,,
7,0.7347790598869324,,,,,,,,,,,,,,,,,,,,,,,,,
8,0.718758761882782,,,,,,,,,,,,,,,,,,,,,,,,,
9,0.706637978553772,,,,,,,,,,,,,,,,,,,,,,,,,
10,0.6849409937858582,,,,,,,,,,,,,,,,,,,,,,,,,
11,0.6839556097984314,,,,,,,,,,,,,,,,,,,,,,,,,
12,0.6714324355125427,,,,,,,,,,,,,,,,,,,,,,,,,
13,0.663773238658905,,,,,,,,,,,,,,,,,,,,,,,,,
14,0.6468648314476013,,,,,,,,,,,,,,,,,,,,,,,,,
15,0.6424902677536011,,,,,,,,,,,,,,,,,,,,,,,,,
16,0.640815258026123,,,,,,,,,,,,,,,,,,,,,,,,,
17,0.6328529119491577,,,,,,,,,,,,,,,,,,,,,,,,,
18,0.629478394985199,,,,,,,,,,,,,,,,,,,,,,,,,
19,0.6426934003829956,,,,,,,,,,,,,,,,,,,,,,,,,
20,0.6257020235061646,,,,,,,,,,,,,,,,,,,,,,,,,
21,0.6264424920082092,,,,,,,,,,,,,,,,,,,,,,,,,
22,0.6205901503562927,,,,,,,,,,,,,,,,,,,,,,,,,
23,0.6135021448135376,,,,,,,,,,,,,,,,,,,,,,,,,
24,0.6343794465065002,,,,,,,,,,,,,,,,,,,,,,,,,
25,0.6169703006744385,,,,,,,,,,,,,,,,,,,,,,,,,
26,0.6210247278213501,,,,,,,,,,,,,,,,,,,,,,,,,
27,0.606087863445282,,,,,,,,,,,,,,,,,,,,,,,,,
28,0.6161722540855408,,,,,,,,,,,,,,,,,,,,,,,,,
29,0.6293476819992065,,,,,,,,,,,,,,,,,,,,,,,,,
30,0.6113064885139465,,,,,,,,,,,,,,,,,,,,,,,,,
31,0.6143074631690979,,,,,,,,,,,,,,,,,,,,,,,,,
32,0.6101908683776855,,,,,,,,,,,,,,,,,,,,,,,,,
33,0.6124928593635559,,,,,,,,,,,,,,,,,,,,,,,,,
34,0.6096758842468262,,,,,,,,,,,,,,,,,,,,,,,,,
35,0.6105509400367737,,,,,,,,,,,,,,,,,,,,,,,,,
36,0.6058524250984192,,,,,,,,,,,,,,,,,,,,,,,,,
37,0.6152357459068298,,,,,,,,,,,,,,,,,,,,,,,,,
38,0.6017586588859558,,,,,,,,,,,,,,,,,,,,,,,,,
39,0.6115217804908752,,,,,,,,,,,,,,,,,,,,,,,,,
40,0.6096690893173218,,,,,,,,,,,,,,,,,,,,,,,,,
41,0.606440007686615,,,,,,,,,,,,,,,,,,,,,,,,,
42,0.6010192036628723,,,,,,,,,,,,,,,,,,,,,,,,,
43,,0.6706284880638123,,0.001,,"[[8.89195426e+01 2.08059191e+00 2.90461642e+00]
 [2.89407705e-01 6.13514365e-02 8.52241541e-02]
 [3.68189491e+00 1.25732157e-01 1.85163868e+00]]",,,[0.90849129 0.02321889 0.21408439],[0.95205181 0.04538401 0.35266806],[0.95724764 0.02705477 0.38245309],[0.94691208 0.1407197  0.32718709],[0.34845934 0.97784015 0.96830806],[0.94691208 0.1407197  0.32718709],,,,,,,,,,,,
44,,,0.6120098020349231,0.001,,,"[[9.27593150e+01 3.84295428e-03 8.56322839e-01]
 [5.86494567e-01 2.41557126e-02 9.28848509e-03]
 [4.21967279e+00 4.98534510e-04 1.54040907e+00]]",,,,,,,,[0.94243032 0.0386937  0.23247276],[0.97036204 0.07450454 0.37724608],[0.95073906 0.8476521  0.64023109],[0.99081211 0.03896468 0.26740519],[0.24674353 0.99995631 0.99081476],[0.99081211 0.03896468 0.26740519],,,,,,
45,0.6077204942703247,,,,,,,,,,,,,,,,,,,,,,,,,
46,0.6016477942466736,,,,,,,,,,,,,,,,,,,,,,,,,
47,0.6046901345252991,,,,,,,,,,,,,,,,,,,,,,,,,
48,0.6049695014953613,,,,,,,,,,,,,,,,,,,,,,,,,
49,0.6071407794952393,,,,,,,,,,,,,,,,,,,,,,,,,
50,0.6069828867912292,,,,,,,,,,,,,,,,,,,,,,,,,
51,0.6076645255088806,,,,,,,,,,,,,,,,,,,,,,,,,
52,0.6113307476043701,,,,,,,,,,,,,,,,,,,,,,,,,
53,0.6095686554908752,,,,,,,,,,,,,,,,,,,,,,,,,
54,0.61357182264328,,,,,,,,,,,,,,,,,,,,,,,,,
55,0.6204416751861572,,,,,,,,,,,,,,,,,,,,,,,,,
56,0.5978808403015137,,,,,,,,,,,,,,,,,,,,,,,,,
57,0.6015934944152832,,,,,,,,,,,,,,,,,,,,,,,,,
58,0.6024645566940308,,,,,,,,,,,,,,,,,,,,,,,,,
59,0.606942355632782,,,,,,,,,,,,,,,,,,,,,,,,,
60,0.6047760248184204,,,,,,,,,,,,,,,,,,,,,,,,,
61,0.6024515628814697,,,,,,,,,,,,,,,,,,,,,,,,,
62,0.5999862551689148,,,,,,,,,,,,,,,,,,,,,,,,,
63,0.6013617515563965,,,,,,,,,,,,,,,,,,,,,,,,,
64,0.5997387170791626,,,,,,,,,,,,,,,,,,,,,,,,,
65,0.602838933467865,,,,,,,,,,,,,,,,,,,,,,,,,
66,0.6000681519508362,,,,,,,,,,,,,,,,,,,,,,,,,
67,0.6001160144805908,,,,,,,,,,,,,,,,,,,,,,,,,
68,0.6131178736686707,,,,,,,,,,,,,,,,,,,,,,,,,
69,0.6058894395828247,,,,,,,,,,,,,,,,,,,,,,,,,
70,0.606056272983551,,,,,,,,,,,,,,,,,,,,,,,,,
71,0.6043822765350342,,,,,,,,,,,,,,,,,,,,,,,,,
72,0.5960114598274231,,,,,,,,,,,,,,,,,,,,,,,,,
73,0.5959799289703369,,,,,,,,,,,,,,,,,,,,,,,,,
74,0.6032271981239319,,,,,,,,,,,,,,,,,,,,,,,,,
75,0.6024180054664612,,,,,,,,,,,,,,,,,,,,,,,,,
76,0.6023383140563965,,,,,,,,,,,,,,,,,,,,,,,,,
77,0.6020767092704773,,,,,,,,,,,,,,,,,,,,,,,,,
78,0.6081976294517517,,,,,,,,,,,,,,,,,,,,,,,,,
79,0.6061484217643738,,,,,,,,,,,,,,,,,,,,,,,,,
80,0.5982623100280762,,,,,,,,,,,,,,,,,,,,,,,,,
81,0.606255054473877,,,,,,,,,,,,,,,,,,,,,,,,,
82,0.5982112288475037,,,,,,,,,,,,,,,,,,,,,,,,,
83,0.5956242084503174,,,,,,,,,,,,,,,,,,,,,,,,,
84,0.5978650450706482,,,,,,,,,,,,,,,,,,,,,,,,,
85,0.6028117537498474,,,,,,,,,,,,,,,,,,,,,,,,,
86,0.5959036350250244,,,,,,,,,,,,,,,,,,,,,,,,,
87,0.6044307351112366,,,,,,,,,,,,,,,,,,,,,,,,,
88,,0.6037478446960449,,0.001,,"[[9.30664205e+01 1.11977104e-02 8.27132785e-01]
 [3.80166268e-01 3.63725642e-02 1.94444630e-02]
 [3.89357665e+00 3.28971164e-03 1.76239939e+00]]",,,[0.94793082 0.08074346 0.27089485],[0.97326949 0.14942206 0.42630569],[0.95609476 0.71515089 0.67551367],[0.99107254 0.08342651 0.31141838],[0.29884031 0.99985449 0.99102639],[0.99107254 0.08342651 0.31141838],,,,,,,,,,,,
89,,,0.6060371611799512,0.001,,,"[[9.28020033e+01 1.21141868e-02 8.05363327e-01]
 [5.67848973e-01 4.70883001e-02 5.00149197e-03]
 [4.01887843e+00 3.30607096e-03 1.73839589e+00]]",,,,,,,,[0.94497084 0.0741129  0.26455796],[0.97170695 0.13799834 0.41841967],[0.95290289 0.75330965 0.68205536],[0.99126808 0.07595637 0.30177443],[0.28113571 0.99984484 0.991401  ],[0.99126808 0.07595637 0.30177443],,,,,,
90,0.6005621552467346,,,,,,,,,,,,,,,,,,,,,,,,,
91,0.5992881059646606,,,,,,,,,,,,,,,,,,,,,,,,,
92,0.5947940349578857,,,,,,,,,,,,,,,,,,,,,,,,,
93,0.6111525893211365,,,,,,,,,,,,,,,,,,,,,,,,,
94,0.6059744358062744,,,,,,,,,,,,,,,,,,,,,,,,,
95,0.598598062992096,,,,,,,,,,,,,,,,,,,,,,,,,
96,0.5983157157897949,,,,,,,,,,,,,,,,,,,,,,,,,
97,0.5967372059822083,,,,,,,,,,,,,,,,,,,,,,,,,
98,0.6005886197090149,,,,,,,,,,,,,,,,,,,,,,,,,
99,0.6032271981239319,,,,,,,,,,,,,,,,,,,,,,,,,
100,0.6049152612686157,,,,,,,,,,,,,,,,,,,,,,,,,
101,0.6027575731277466,,,,,,,,,,,,,,,,,,,,,,,,,
102,0.6119880080223083,,,,,,,,,,,,,,,,,,,,,,,,,
103,0.6200513243675232,,,,,,,,,,,,,,,,,,,,,,,,,
104,0.6012023091316223,,,,,,,,,,,,,,,,,,,,,,,,,
105,0.5995098352432251,,,,,,,,,,,,,,,,,,,,,,,,,
106,0.5992850065231323,,,,,,,,,,,,,,,,,,,,,,,,,
107,0.5945804119110107,,,,,,,,,,,,,,,,,,,,,,,,,
108,0.6103128790855408,,,,,,,,,,,,,,,,,,,,,,,,,
109,0.5985443592071533,,,,,,,,,,,,,,,,,,,,,,,,,
110,0.6012957096099854,,,,,,,,,,,,,,,,,,,,,,,,,
111,0.6082516312599182,,,,,,,,,,,,,,,,,,,,,,,,,
112,0.6041930317878723,,,,,,,,,,,,,,,,,,,,,,,,,
113,0.5946041345596313,,,,,,,,,,,,,,,,,,,,,,,,,
114,0.5929293632507324,,,,,,,,,,,,,,,,,,,,,,,,,
115,0.5933459997177124,,,,,,,,,,,,,,,,,,,,,,,,,
116,0.6046647429466248,,,,,,,,,,,,,,,,,,,,,,,,,
117,0.6068870425224304,,,,,,,,,,,,,,,,,,,,,,,,,
118,0.6029530167579651,,,,,,,,,,,,,,,,,,,,,,,,,
119,0.5998581647872925,,,,,,,,,,,,,,,,,,,,,,,,,
120,0.6048126220703125,,,,,,,,,,,,,,,,,,,,,,,,,
121,0.5925678014755249,,,,,,,,,,,,,,,,,,,,,,,,,
122,0.5960826277732849,,,,,,,,,,,,,,,,,,,,,,,,,
123,0.6001420617103577,,,,,,,,,,,,,,,,,,,,,,,,,
124,0.606904923915863,,,,,,,,,,,,,,,,,,,,,,,,,
125,0.594447672367096,,,,,,,,,,,,,,,,,,,,,,,,,
126,0.6033041477203369,,,,,,,,,,,,,,,,,,,,,,,,,
127,0.6010269522666931,,,,,,,,,,,,,,,,,,,,,,,,,
128,0.5951079726219177,,,,,,,,,,,,,,,,,,,,,,,,,
129,0.5993706583976746,,,,,,,,,,,,,,,,,,,,,,,,,
130,0.5946865081787109,,,,,,,,,,,,,,,,,,,,,,,,,
131,0.6007922887802124,,,,,,,,,,,,,,,,,,,,,,,,,
132,0.5987959504127502,,,,,,,,,,,,,,,,,,,,,,,,,
133,,0.6011490225791931,,0.001,,"[[9.29769244e+01 1.94081089e-02 9.08418473e-01]
 [3.58133066e-01 5.72701979e-02 2.05800315e-02]
 [3.64076194e+00 6.37914547e-03 2.01212466e+00]]",,,[0.94967785 0.12402306 0.30541044],[0.97418951 0.22067708 0.46791481],[0.958764   0.6895251  0.68413478],[0.99011949 0.1313587  0.35554518],[0.34393247 0.999741   0.99015273],[0.99011949 0.1313587  0.35554518],,,,,,,,,,,,
134,,,0.6049902950014386,0.001,,,"[[9.27788326e+01 1.44494274e-02 8.26198840e-01]
 [5.54628725e-01 6.09584586e-02 4.35158058e-03]
 [3.95384087e+00 2.77524272e-03 1.80396428e+00]]",,,,,,,,[0.94548834 0.09567162 0.27369572],[0.97198047 0.17463557 0.42976625],[0.95365819 0.77968815 0.68474254],[0.99102058 0.09832981 0.31315669],[0.29340082 0.99982668 0.9911868 ],[0.99102058 0.09832981 0.31315669],,,,,,
135,0.6034073233604431,,,,,,,,,,,,,,,,,,,,,,,,,
136,0.5999611616134644,,,,,,,,,,,,,,,,,,,,,,,,,
137,0.5988184809684753,,,,,,,,,,,,,,,,,,,,,,,,,
138,0.5908032655715942,,,,,,,,,,,,,,,,,,,,,,,,,
139,0.5951392650604248,,,,,,,,,,,,,,,,,,,,,,,,,
140,0.6007608771324158,,,,,,,,,,,,,,,,,,,,,,,,,
141,0.6021550297737122,,,,,,,,,,,,,,,,,,,,,,,,,
142,0.6001653075218201,,,,,,,,,,,,,,,,,,,,,,,,,
143,0.6030414700508118,,,,,,,,,,,,,,,,,,,,,,,,,
144,0.603714644908905,,,,,,,,,,,,,,,,,,,,,,,,,
145,0.5991578698158264,,,,,,,,,,,,,,,,,,,,,,,,,
146,0.6001185178756714,,,,,,,,,,,,,,,,,,,,,,,,,
147,0.5986567735671997,,,,,,,,,,,,,,,,,,,,,,,,,
148,0.595875084400177,,,,,,,,,,,,,,,,,,,,,,,,,
149,0.5960293412208557,,,,,,,,,,,,,,,,,,,,,,,,,
150,0.5927863121032715,,,,,,,,,,,,,,,,,,,,,,,,,
151,0.5977844595909119,,,,,,,,,,,,,,,,,,,,,,,,,
152,0.5980992317199707,,,,,,,,,,,,,,,,,,,,,,,,,
153,0.604633629322052,,,,,,,,,,,,,,,,,,,,,,,,,
154,0.5926596522331238,,,,,,,,,,,,,,,,,,,,,,,,,
155,0.5950473546981812,,,,,,,,,,,,,,,,,,,,,,,,,
156,0.6091576814651489,,,,,,,,,,,,,,,,,,,,,,,,,
157,0.5964699983596802,,,,,,,,,,,,,,,,,,,,,,,,,
158,0.6071180701255798,,,,,,,,,,,,,,,,,,,,,,,,,
159,0.5983951091766357,,,,,,,,,,,,,,,,,,,,,,,,,
160,0.5967621207237244,,,,,,,,,,,,,,,,,,,,,,,,,
161,0.5965826511383057,,,,,,,,,,,,,,,,,,,,,,,,,
162,0.6049916744232178,,,,,,,,,,,,,,,,,,,,,,,,,
163,0.5967878699302673,,,,,,,,,,,,,,,,,,,,,,,,,
164,0.6069328188896179,,,,,,,,,,,,,,,,,,,,,,,,,
165,0.5956051349639893,,,,,,,,,,,,,,,,,,,,,,,,,
166,0.6034994721412659,,,,,,,,,,,,,,,,,,,,,,,,,
167,0.5902398228645325,,,,,,,,,,,,,,,,,,,,,,,,,
168,0.6005764603614807,,,,,,,,,,,,,,,,,,,,,,,,,
169,0.6021928191184998,,,,,,,,,,,,,,,,,,,,,,,,,
170,0.5990443229675293,,,,,,,,,,,,,,,,,,,,,,,,,
171,0.5982903242111206,,,,,,,,,,,,,,,,,,,,,,,,,
172,0.5948981046676636,,,,,,,,,,,,,,,,,,,,,,,,,
173,0.6102532744407654,,,,,,,,,,,,,,,,,,,,,,,,,
174,0.6032023429870605,,,,,,,,,,,,,,,,,,,,,,,,,
175,0.6023833155632019,,,,,,,,,,,,,,,,,,,,,,,,,
176,0.60184645652771,,,,,,,,,,,,,,,,,,,,,,,,,
177,0.5979347229003906,,,,,,,,,,,,,,,,,,,,,,,,,
178,,0.5995809435844421,,0.001,,"[[9.30178019e+01 2.68173961e-02 8.60131693e-01]
 [3.41036414e-01 7.96229854e-02 1.53238959e-02]
 [3.58720977e+00 7.38119547e-03 2.06467478e+00]]",,,[0.95078148 0.16934507 0.31595453],[0.97476984 0.28964089 0.48019064],[0.95948008 0.6995421  0.70223919],[0.9905548  0.18262852 0.36483086],[0.35552327 0.99965652 0.99072028],[0.9905548  0.18262852 0.36483086],,,,,,,,,,,,
179,,,0.6036634743213654,0.001,,,"[[9.24798693e+01 1.33696057e-02 1.12624194e+00]
 [5.48097318e-01 6.53524247e-02 6.48902207e-03]
 [3.56535129e+00 1.95175252e-03 2.19327735e+00]]",,,,,,,,[0.94625087 0.10287506 0.31817471],[0.97238325 0.18655796 0.48275044],[0.95741477 0.81008256 0.65943231],[0.9878272  0.10541755 0.38073895],[0.3553113  0.99984583 0.98798029],[0.9878272  0.10541755 0.38073895],,,,,,
180,0.5984106659889221,,,,,,,,,,,,,,,,,,,,,,,,,
181,0.6104731559753418,,,,,,,,,,,,,,,,,,,,,,,,,
182,0.5990811586380005,,,,,,,,,,,,,,,,,,,,,,,,,
183,0.5949618816375732,,,,,,,,,,,,,,,,,,,,,,,,,
184,0.597402036190033,,,,,,,,,,,,,,,,,,,,,,,,,
185,0.600062906742096,,,,,,,,,,,,,,,,,,,,,,,,,
186,0.594539225101471,,,,,,,,,,,,,,,,,,,,,,,,,
187,0.602632999420166,,,,,,,,,,,,,,,,,,,,,,,,,
188,0.593071460723877,,,,,,,,,,,,,,,,,,,,,,,,,
189,0.5924098491668701,,,,,,,,,,,,,,,,,,,,,,,,,
190,0.5963254570960999,,,,,,,,,,,,,,,,,,,,,,,,,
191,0.6034248471260071,,,,,,,,,,,,,,,,,,,,,,,,,
192,0.5993499755859375,,,,,,,,,,,,,,,,,,,,,,,,,
193,0.5953460931777954,,,,,,,,,,,,,,,,,,,,,,,,,
194,0.5963789820671082,,,,,,,,,,,,,,,,,,,,,,,,,
195,0.5965679287910461,,,,,,,,,,,,,,,,,,,,,,,,,
196,0.5994019508361816,,,,,,,,,,,,,,,,,,,,,,,,,
197,0.5938150882720947,,,,,,,,,,,,,,,,,,,,,,,,,
198,0.597543478012085,,,,,,,,,,,,,,,,,,,,,,,,,
199,0.601622998714447,,,,,,,,,,,,,,,,,,,,,,,,,
200,0.5959919095039368,,,,,,,,,,,,,,,,,,,,,,,,,
201,0.6059638261795044,,,,,,,,,,,,,,,,,,,,,,,,,
202,0.5980924963951111,,,,,,,,,,,,,,,,,,,,,,,,,
203,0.6014525890350342,,,,,,,,,,,,,,,,,,,,,,,,,
204,0.5978950262069702,,,,,,,,,,,,,,,,,,,,,,,,,
205,0.5926852226257324,,,,,,,,,,,,,,,,,,,,,,,,,
206,0.6134108304977417,,,,,,,,,,,,,,,,,,,,,,,,,
207,0.5974730253219604,,,,,,,,,,,,,,,,,,,,,,,,,
208,0.6089025139808655,,,,,,,,,,,,,,,,,,,,,,,,,
209,0.5994759798049927,,,,,,,,,,,,,,,,,,,,,,,,,
210,0.5915008187294006,,,,,,,,,,,,,,,,,,,,,,,,,
211,0.6038922667503357,,,,,,,,,,,,,,,,,,,,,,,,,
212,0.5986984372138977,,,,,,,,,,,,,,,,,,,,,,,,,
213,0.5882281064987183,,,,,,,,,,,,,,,,,,,,,,,,,
214,0.5933720469474792,,,,,,,,,,,,,,,,,,,,,,,,,
215,0.6045037508010864,,,,,,,,,,,,,,,,,,,,,,,,,
216,0.5919553637504578,,,,,,,,,,,,,,,,,,,,,,,,,
217,0.5966698527336121,,,,,,,,,,,,,,,,,,,,,,,,,
218,0.5969359278678894,,,,,,,,,,,,,,,,,,,,,,,,,
219,0.5959632992744446,,,,,,,,,,,,,,,,,,,,,,,,,
220,0.5885814428329468,,,,,,,,,,,,,,,,,,,,,,,,,
221,0.5874820351600647,,,,,,,,,,,,,,,,,,,,,,,,,
222,0.5936073064804077,,,,,,,,,,,,,,,,,,,,,,,,,
223,,0.59780353307724,,0.001,,"[[9.29354252e+01 3.21763146e-02 9.37149415e-01]
 [3.16434633e-01 1.00312410e-01 1.92362534e-02]
 [3.35732126e+00 8.02532326e-03 2.29391916e+00]]",,,[0.95241696 0.21065851 0.34674124],[0.97562865 0.34800649 0.51493372],[0.96197301 0.71389595 0.70575509],[0.98967756 0.23008315 0.40533865],[0.39727551 0.99959622 0.98986243],[0.98967756 0.23008315 0.40533865],,,,,,,,,,,,
224,,,0.6038576832839421,0.001,,,"[[9.22608451e+01 2.02300057e-02 1.33840571e+00]
 [5.21729484e-01 9.30241176e-02 5.18516258e-03]
 [3.39115890e+00 4.09928579e-03 2.36532221e+00]]",,,,,,,,[0.94595103 0.14438729 0.33294837],[0.97222491 0.2523399  0.49956679],[0.95931438 0.79268356 0.63774   ],[0.98548768 0.15005372 0.41060484],[0.38674451 0.99975519 0.98574279],[0.98548768 0.15005372 0.41060484],,,,,,
225,0.6019169688224792,,,,,,,,,,,,,,,,,,,,,,,,,
226,0.5962964296340942,,,,,,,,,,,,,,,,,,,,,,,,,
227,0.6037280559539795,,,,,,,,,,,,,,,,,,,,,,,,,
228,0.5992220640182495,,,,,,,,,,,,,,,,,,,,,,,,,
229,0.5937290787696838,,,,,,,,,,,,,,,,,,,,,,,,,
230,0.6058960556983948,,,,,,,,,,,,,,,,,,,,,,,,,
231,0.5968495607376099,,,,,,,,,,,,,,,,,,,,,,,,,
232,0.593109667301178,,,,,,,,,,,,,,,,,,,,,,,,,
233,0.5930514931678772,,,,,,,,,,,,,,,,,,,,,,,,,
234,0.5910996794700623,,,,,,,,,,,,,,,,,,,,,,,,,
235,0.5990744233131409,,,,,,,,,,,,,,,,,,,,,,,,,
236,0.5962441563606262,,,,,,,,,,,,,,,,,,,,,,,,,
237,0.5916215181350708,,,,,,,,,,,,,,,,,,,,,,,,,
238,0.5972529053688049,,,,,,,,,,,,,,,,,,,,,,,,,
239,0.5990476012229919,,,,,,,,,,,,,,,,,,,,,,,,,
240,0.5960871577262878,,,,,,,,,,,,,,,,,,,,,,,,,
241,0.5976207256317139,,,,,,,,,,,,,,,,,,,,,,,,,
242,0.6027606129646301,,,,,,,,,,,,,,,,,,,,,,,,,
243,0.5973848700523376,,,,,,,,,,,,,,,,,,,,,,,,,
244,0.591134250164032,,,,,,,,,,,,,,,,,,,,,,,,,
245,0.5942673683166504,,,,,,,,,,,,,,,,,,,,,,,,,
246,0.595111072063446,,,,,,,,,,,,,,,,,,,,,,,,,
247,0.5934074521064758,,,,,,,,,,,,,,,,,,,,,,,,,
248,0.6049370169639587,,,,,,,,,,,,,,,,,,,,,,,,,
249,0.6077819466590881,,,,,,,,,,,,,,,,,,,,,,,,,
250,0.5941398739814758,,,,,,,,,,,,,,,,,,,,,,,,,
251,0.5963723659515381,,,,,,,,,,,,,,,,,,,,,,,,,
252,0.591659665107727,,,,,,,,,,,,,,,,,,,,,,,,,
253,0.5925576090812683,,,,,,,,,,,,,,,,,,,,,,,,,
254,0.5966888666152954,,,,,,,,,,,,,,,,,,,,,,,,,
255,0.5924988389015198,,,,,,,,,,,,,,,,,,,,,,,,,
256,0.5964707732200623,,,,,,,,,,,,,,,,,,,,,,,,,
257,0.5977726578712463,,,,,,,,,,,,,,,,,,,,,,,,,
258,0.5885449647903442,,,,,,,,,,,,,,,,,,,,,,,,,
259,0.5994107723236084,,,,,,,,,,,,,,,,,,,,,,,,,
260,0.5991783142089844,,,,,,,,,,,,,,,,,,,,,,,,,
261,0.5963339805603027,,,,,,,,,,,,,,,,,,,,,,,,,
262,0.5947997570037842,,,,,,,,,,,,,,,,,,,,,,,,,
263,0.5975479483604431,,,,,,,,,,,,,,,,,,,,,,,,,
264,0.5978263020515442,,,,,,,,,,,,,,,,,,,,,,,,,
265,0.5930156707763672,,,,,,,,,,,,,,,,,,,,,,,,,
266,0.6066001057624817,,,,,,,,,,,,,,,,,,,,,,,,,
267,0.5838392376899719,,,,,,,,,,,,,,,,,,,,,,,,,
268,,0.5966020226478577,,0.001,,"[[9.29493224e+01 3.71865646e-02 9.18242000e-01]
 [3.05008553e-01 1.14658051e-01 1.63166921e-02]
 [3.27997173e+00 9.23260843e-03 2.37006141e+00]]",,,[0.9534268  0.23768131 0.35943654],[0.97615821 0.38407514 0.52880223],[0.96286315 0.71182038 0.71719633],[0.98982556 0.26298726 0.41879309],[0.41184023 0.99953378 0.99009379],[0.98982556 0.26298726 0.41879309],,,,,,,,,,,,
269,,,0.6020511431353432,0.001,,,"[[9.26193944e+01 2.47349815e-02 9.75351485e-01]
 [5.09627408e-01 1.02500310e-01 7.81104678e-03]
 [3.59596575e+00 5.18314422e-03 2.15943150e+00]]",,,,,,,,[0.94775466 0.15772751 0.32021261],[0.97317663 0.27247778 0.48509248],[0.95755396 0.77406374 0.68714937],[0.98931754 0.16533941 0.37486353],[0.35654246 0.99969895 0.9895674 ],[0.98931754 0.16533941 0.37486353],,,,,,
270,0.5991126298904419,,,,,,,,,,,,,,,,,,,,,,,,,
271,0.5967016816139221,,,,,,,,,,,,,,,,,,,,,,,,,
272,0.5921450257301331,,,,,,,,,,,,,,,,,,,,,,,,,
273,0.5863314867019653,,,,,,,,,,,,,,,,,,,,,,,,,
274,0.5948033928871155,,,,,,,,,,,,,,,,,,,,,,,,,
275,0.6052283048629761,,,,,,,,,,,,,,,,,,,,,,,,,
276,0.5897660255432129,,,,,,,,,,,,,,,,,,,,,,,,,
277,0.5938025712966919,,,,,,,,,,,,,,,,,,,,,,,,,
278,0.6034462451934814,,,,,,,,,,,,,,,,,,,,,,,,,
279,0.5947354435920715,,,,,,,,,,,,,,,,,,,,,,,,,
280,0.6004208326339722,,,,,,,,,,,,,,,,,,,,,,,,,
281,0.6053987145423889,,,,,,,,,,,,,,,,,,,,,,,,,
282,0.5973426699638367,,,,,,,,,,,,,,,,,,,,,,,,,
283,0.6004585027694702,,,,,,,,,,,,,,,,,,,,,,,,,
284,0.593704879283905,,,,,,,,,,,,,,,,,,,,,,,,,
285,0.5873226523399353,,,,,,,,,,,,,,,,,,,,,,,,,
286,0.5922703146934509,,,,,,,,,,,,,,,,,,,,,,,,,
287,0.607081949710846,,,,,,,,,,,,,,,,,,,,,,,,,
288,0.5926385521888733,,,,,,,,,,,,,,,,,,,,,,,,,
289,0.5896888971328735,,,,,,,,,,,,,,,,,,,,,,,,,
290,0.5885037183761597,,,,,,,,,,,,,,,,,,,,,,,,,
291,0.5935559272766113,,,,,,,,,,,,,,,,,,,,,,,,,
292,0.5945687890052795,,,,,,,,,,,,,,,,,,,,,,,,,
293,0.5895212292671204,,,,,,,,,,,,,,,,,,,,,,,,,
294,0.5907185077667236,,,,,,,,,,,,,,,,,,,,,,,,,
295,0.5907956957817078,,,,,,,,,,,,,,,,,,,,,,,,,
296,0.6012113094329834,,,,,,,,,,,,,,,,,,,,,,,,,
297,0.6051382422447205,,,,,,,,,,,,,,,,,,,,,,,,,
298,0.5996367335319519,,,,,,,,,,,,,,,,,,,,,,,,,
299,0.6017449498176575,,,,,,,,,,,,,,,,,,,,,,,,,
300,0.5950165390968323,,,,,,,,,,,,,,,,,,,,,,,,,
301,0.5969374775886536,,,,,,,,,,,,,,,,,,,,,,,,,
302,0.5921100974082947,,,,,,,,,,,,,,,,,,,,,,,,,
303,0.5940867066383362,,,,,,,,,,,,,,,,,,,,,,,,,
304,0.594167947769165,,,,,,,,,,,,,,,,,,,,,,,,,
305,0.5997444987297058,,,,,,,,,,,,,,,,,,,,,,,,,
306,0.5914186835289001,,,,,,,,,,,,,,,,,,,,,,,,,
307,0.5932227373123169,,,,,,,,,,,,,,,,,,,,,,,,,
308,0.5925496220588684,,,,,,,,,,,,,,,,,,,,,,,,,
309,0.5934390425682068,,,,,,,,,,,,,,,,,,,,,,,,,
310,0.5964484810829163,,,,,,,,,,,,,,,,,,,,,,,,,
311,0.6056201457977295,,,,,,,,,,,,,,,,,,,,,,,,,
312,0.5990170836448669,,,,,,,,,,,,,,,,,,,,,,,,,
313,,0.5958506464958191,,0.001,,"[[9.29625060e+01 3.78316838e-02 9.04413248e-01]
 [2.97548039e-01 1.20781065e-01 1.76541909e-02]
 [3.21986525e+00 9.97555315e-03 2.42942494e+00]]",,,[0.95422337 0.2496557  0.36913873],[0.97657554 0.39955918 0.53922765],[0.96354253 0.71642613 0.72487855],[0.98996595 0.27703141 0.42928271],[0.42292542 0.99951983 0.9902262 ],[0.98996595 0.27703141 0.42928271],,,,,,,,,,,,
314,,,0.6016075313091278,0.001,,,"[[9.26817273e+01 3.45401663e-02 9.03213340e-01]
 [4.95317247e-01 1.23069400e-01 1.55211756e-03]
 [3.64366965e+00 6.57984819e-03 2.11033089e+00]]",,,,,,,,[0.94806854 0.18617013 0.31661236],[0.97334208 0.31390123 0.48095001],[0.95725102 0.74955746 0.69992154],[0.98998335 0.19851864 0.36633998],[0.35130876 0.99958623 0.99039929],[0.98998335 0.19851864 0.36633998],,,,,,
315,0.590000569820404,,,,,,,,,,,,,,,,,,,,,,,,,
316,0.5923600792884827,,,,,,,,,,,,,,,,,,,,,,,,,
317,0.5971143245697021,,,,,,,,,,,,,,,,,,,,,,,,,
318,0.593674898147583,,,,,,,,,,,,,,,,,,,,,,,,,
319,0.5970271825790405,,,,,,,,,,,,,,,,,,,,,,,,,
320,0.5933966040611267,,,,,,,,,,,,,,,,,,,,,,,,,
321,0.6008022427558899,,,,,,,,,,,,,,,,,,,,,,,,,
322,0.587630033493042,,,,,,,,,,,,,,,,,,,,,,,,,
323,0.5881108641624451,,,,,,,,,,,,,,,,,,,,,,,,,
324,0.59121173620224,,,,,,,,,,,,,,,,,,,,,,,,,
325,0.6018109917640686,,,,,,,,,,,,,,,,,,,,,,,,,
326,0.5869332551956177,,,,,,,,,,,,,,,,,,,,,,,,,
327,0.6060160994529724,,,,,,,,,,,,,,,,,,,,,,,,,
328,0.5876595377922058,,,,,,,,,,,,,,,,,,,,,,,,,
329,0.5916677117347717,,,,,,,,,,,,,,,,,,,,,,,,,
330,0.5966701507568359,,,,,,,,,,,,,,,,,,,,,,,,,
331,0.5974135994911194,,,,,,,,,,,,,,,,,,,,,,,,,
332,0.5964539647102356,,,,,,,,,,,,,,,,,,,,,,,,,
333,0.5985395908355713,,,,,,,,,,,,,,,,,,,,,,,,,
334,0.5899518132209778,,,,,,,,,,,,,,,,,,,,,,,,,
335,0.6006773710250854,,,,,,,,,,,,,,,,,,,,,,,,,
336,0.5984106659889221,,,,,,,,,,,,,,,,,,,,,,,,,
337,0.6089453101158142,,,,,,,,,,,,,,,,,,,,,,,,,
338,0.5977400541305542,,,,,,,,,,,,,,,,,,,,,,,,,
339,0.5922021269798279,,,,,,,,,,,,,,,,,,,,,,,,,
340,0.5929804444313049,,,,,,,,,,,,,,,,,,,,,,,,,
341,0.5932977199554443,,,,,,,,,,,,,,,,,,,,,,,,,
342,0.5927672982215881,,,,,,,,,,,,,,,,,,,,,,,,,
343,0.5897114276885986,,,,,,,,,,,,,,,,,,,,,,,,,
344,0.5951236486434937,,,,,,,,,,,,,,,,,,,,,,,,,
345,0.5925716161727905,,,,,,,,,,,,,,,,,,,,,,,,,
346,0.6044769883155823,,,,,,,,,,,,,,,,,,,,,,,,,
347,0.6008273959159851,,,,,,,,,,,,,,,,,,,,,,,,,
348,0.6014862656593323,,,,,,,,,,,,,,,,,,,,,,,,,
349,0.5860776901245117,,,,,,,,,,,,,,,,,,,,,,,,,
350,0.6043492555618286,,,,,,,,,,,,,,,,,,,,,,,,,
351,0.591593325138092,,,,,,,,,,,,,,,,,,,,,,,,,
352,0.5935606360435486,,,,,,,,,,,,,,,,,,,,,,,,,
353,0.5930231809616089,,,,,,,,,,,,,,,,,,,,,,,,,
354,0.5877876281738281,,,,,,,,,,,,,,,,,,,,,,,,,
355,0.6006636023521423,,,,,,,,,,,,,,,,,,,,,,,,,
356,0.59527587890625,,,,,,,,,,,,,,,,,,,,,,,,,
357,0.5980811715126038,,,,,,,,,,,,,,,,,,,,,,,,,
358,,0.595257580280304,,0.001,,"[[9.29078113e+01 3.86192449e-02 9.58320365e-01]
 [2.94385897e-01 1.24844458e-01 1.67529408e-02]
 [3.12165344e+00 7.75299832e-03 2.52985931e+00]]",,,[0.95465533 0.25882248 0.38132801],[0.97680171 0.41121363 0.55211797],[0.96453589 0.72916051 0.7217997 ],[0.9893835  0.28635147 0.4470296 ],[0.43955705 0.99953425 0.98966434],[0.9893835  0.28635147 0.4470296 ],,,,,,,,,,,,
359,,,0.6026506721973419,0.001,,,"[[9.26537388e+01 3.80258712e-02 9.27716210e-01]
 [4.81245253e-01 1.33784864e-01 4.90864749e-03]
 [3.73237045e+00 7.57489886e-03 2.02063505e+00]]",,,,,,,,[0.94705925 0.20101716 0.30189348],[0.97280989 0.33474485 0.46377601],[0.95650118 0.74579475 0.68420495],[0.98968439 0.21580335 0.35076935],[0.33961241 0.99954115 0.99010367],[0.98968439 0.21580335 0.35076935],,,,,,
360,0.592835009098053,,,,,,,,,,,,,,,,,,,,,,,,,
361,0.5913021564483643,,,,,,,,,,,,,,,,,,,,,,,,,
362,0.5929020047187805,,,,,,,,,,,,,,,,,,,,,,,,,
363,0.5935085415840149,,,,,,,,,,,,,,,,,,,,,,,,,
364,0.5966681241989136,,,,,,,,,,,,,,,,,,,,,,,,,
365,0.5922529697418213,,,,,,,,,,,,,,,,,,,,,,,,,
366,0.5933475494384766,,,,,,,,,,,,,,,,,,,,,,,,,
367,0.5918427109718323,,,,,,,,,,,,,,,,,,,,,,,,,
368,0.5874022245407104,,,,,,,,,,,,,,,,,,,,,,,,,
369,0.5964770317077637,,,,,,,,,,,,,,,,,,,,,,,,,
370,0.6052587032318115,,,,,,,,,,,,,,,,,,,,,,,,,
371,0.5926616787910461,,,,,,,,,,,,,,,,,,,,,,,,,
372,0.5977729558944702,,,,,,,,,,,,,,,,,,,,,,,,,
373,0.6011718511581421,,,,,,,,,,,,,,,,,,,,,,,,,
374,0.597317636013031,,,,,,,,,,,,,,,,,,,,,,,,,
375,0.6084134578704834,,,,,,,,,,,,,,,,,,,,,,,,,
376,0.584457516670227,,,,,,,,,,,,,,,,,,,,,,,,,
377,0.5934998393058777,,,,,,,,,,,,,,,,,,,,,,,,,
378,0.5981906652450562,,,,,,,,,,,,,,,,,,,,,,,,,
379,0.5947462916374207,,,,,,,,,,,,,,,,,,,,,,,,,
380,0.5948349833488464,,,,,,,,,,,,,,,,,,,,,,,,,
381,0.5905012488365173,,,,,,,,,,,,,,,,,,,,,,,,,
382,0.5939208269119263,,,,,,,,,,,,,,,,,,,,,,,,,
383,0.593940794467926,,,,,,,,,,,,,,,,,,,,,,,,,
384,0.6016688942909241,,,,,,,,,,,,,,,,,,,,,,,,,
385,0.5907790660858154,,,,,,,,,,,,,,,,,,,,,,,,,
386,0.5858393311500549,,,,,,,,,,,,,,,,,,,,,,,,,
387,0.5978600382804871,,,,,,,,,,,,,,,,,,,,,,,,,
388,0.5950964689254761,,,,,,,,,,,,,,,,,,,,,,,,,
389,0.6121116280555725,,,,,,,,,,,,,,,,,,,,,,,,,
390,0.5916047692298889,,,,,,,,,,,,,,,,,,,,,,,,,
391,0.594266414642334,,,,,,,,,,,,,,,,,,,,,,,,,
392,0.5942961573600769,,,,,,,,,,,,,,,,,,,,,,,,,
393,0.5900763869285583,,,,,,,,,,,,,,,,,,,,,,,,,
394,0.5993682146072388,,,,,,,,,,,,,,,,,,,,,,,,,
395,0.5910330414772034,,,,,,,,,,,,,,,,,,,,,,,,,
396,0.5831512212753296,,,,,,,,,,,,,,,,,,,,,,,,,
397,0.5929532647132874,,,,,,,,,,,,,,,,,,,,,,,,,
398,0.5914955735206604,,,,,,,,,,,,,,,,,,,,,,,,,
399,0.5991976857185364,,,,,,,,,,,,,,,,,,,,,,,,,
400,0.5951610803604126,,,,,,,,,,,,,,,,,,,,,,,,,
401,0.5998256206512451,,,,,,,,,,,,,,,,,,,,,,,,,
402,0.5923806428909302,,,,,,,,,,,,,,,,,,,,,,,,,
403,,0.5947300791740417,,0.001,,"[[9.29345101e+01 4.12007134e-02 9.29040147e-01]
 [2.86434604e-01 1.34066490e-01 1.54822013e-02]
 [3.10552877e+00 9.94382598e-03 2.54379315e+00]]",,,[0.95516597 0.27521829 0.38520212],[0.97706894 0.43164107 0.55616738],[0.9647868  0.72385803 0.72923253],[0.98966782 0.30750373 0.44949173],[0.44350701 0.99948632 0.98998818],[0.98966782 0.30750373 0.44949173],,,,,,,,,,,,
404,,,0.6034576041357858,0.001,,,"[[9.18387802e+01 9.62817480e-02 1.68441894e+00]
 [4.19840737e-01 1.95901861e-01 4.19616699e-03]
 [3.07303333e+00 1.32787795e-02 2.67426829e+00]]",,,,,,,,[0.94569615 0.26854291 0.35900095],[0.97209027 0.42338798 0.52833069],[0.96336082 0.64132891 0.61295892],[0.98097938 0.31600195 0.46423591],[0.45257212 0.99889756 0.98208165],[0.98097938 0.31600195 0.46423591],,,,,,
405,0.597208559513092,,,,,,,,,,,,,,,,,,,,,,,,,
406,0.594524621963501,,,,,,,,,,,,,,,,,,,,,,,,,
407,0.5862942337989807,,,,,,,,,,,,,,,,,,,,,,,,,
408,0.6117798089981079,,,,,,,,,,,,,,,,,,,,,,,,,
409,0.5923143029212952,,,,,,,,,,,,,,,,,,,,,,,,,
410,0.5944451093673706,,,,,,,,,,,,,,,,,,,,,,,,,
411,0.6063793301582336,,,,,,,,,,,,,,,,,,,,,,,,,
412,0.5892319083213806,,,,,,,,,,,,,,,,,,,,,,,,,
413,0.5899091958999634,,,,,,,,,,,,,,,,,,,,,,,,,
414,0.6016921401023865,,,,,,,,,,,,,,,,,,,,,,,,,
415,0.5971411466598511,,,,,,,,,,,,,,,,,,,,,,,,,
416,0.5945956110954285,,,,,,,,,,,,,,,,,,,,,,,,,
417,0.6083546876907349,,,,,,,,,,,,,,,,,,,,,,,,,
418,0.5936234593391418,,,,,,,,,,,,,,,,,,,,,,,,,
419,0.594253659248352,,,,,,,,,,,,,,,,,,,,,,,,,
420,0.5880426168441772,,,,,,,,,,,,,,,,,,,,,,,,,
421,0.5911145806312561,,,,,,,,,,,,,,,,,,,,,,,,,
422,0.5846087336540222,,,,,,,,,,,,,,,,,,,,,,,,,
423,0.5885968804359436,,,,,,,,,,,,,,,,,,,,,,,,,
424,0.5893459916114807,,,,,,,,,,,,,,,,,,,,,,,,,
425,0.5869991779327393,,,,,,,,,,,,,,,,,,,,,,,,,
426,0.5941028594970703,,,,,,,,,,,,,,,,,,,,,,,,,
427,0.5949469804763794,,,,,,,,,,,,,,,,,,,,,,,,,
428,0.5896627306938171,,,,,,,,,,,,,,,,,,,,,,,,,
429,0.5905510187149048,,,,,,,,,,,,,,,,,,,,,,,,,
430,0.599163830280304,,,,,,,,,,,,,,,,,,,,,,,,,
431,0.5892486572265625,,,,,,,,,,,,,,,,,,,,,,,,,
432,0.5967719554901123,,,,,,,,,,,,,,,,,,,,,,,,,
433,0.5905538201332092,,,,,,,,,,,,,,,,,,,,,,,,,
434,0.592157781124115,,,,,,,,,,,,,,,,,,,,,,,,,
435,0.5899739861488342,,,,,,,,,,,,,,,,,,,,,,,,,
436,0.5903820991516113,,,,,,,,,,,,,,,,,,,,,,,,,
437,0.5938109159469604,,,,,,,,,,,,,,,,,,,,,,,,,
438,0.5924460887908936,,,,,,,,,,,,,,,,,,,,,,,,,
439,0.5904213190078735,,,,,,,,,,,,,,,,,,,,,,,,,
440,0.594676673412323,,,,,,,,,,,,,,,,,,,,,,,,,
441,0.5974549651145935,,,,,,,,,,,,,,,,,,,,,,,,,
442,0.5942551493644714,,,,,,,,,,,,,,,,,,,,,,,,,
443,0.5901352763175964,,,,,,,,,,,,,,,,,,,,,,,,,
444,0.5923202037811279,,,,,,,,,,,,,,,,,,,,,,,,,
445,0.5877816081047058,,,,,,,,,,,,,,,,,,,,,,,,,
446,0.5920698642730713,,,,,,,,,,,,,,,,,,,,,,,,,
447,0.5899685025215149,,,,,,,,,,,,,,,,,,,,,,,,,
448,,0.5933327078819275,,0.0001,,"[[9.28963939e+01 4.94900993e-02 9.58866998e-01]
 [2.75817898e-01 1.43526477e-01 1.66389213e-02]
 [2.93859127e+00 9.61234308e-03 2.71106213e+00]]",,,[0.95651974 0.28990226 0.40861423],[0.97777673 0.44949493 0.58016485],[0.96655517 0.70832178 0.73538915],[0.98926192 0.32920178 0.47904839],[0.47263694 0.99940639 0.98965976],[0.98926192 0.32920178 0.47904839],,,,,,,,,,,,
449,,,0.6009534469672612,0.0001,,,"[[9.25023619e+01 4.34572735e-02 1.07366168e+00]
 [4.71125204e-01 1.43826197e-01 4.98736346e-03]
 [3.43106991e+00 8.82829939e-03 2.32068218e+00]]",,,,,,,,[0.9485313  0.21395565 0.33931925],[0.9735859  0.35249336 0.50670406],[0.95952271 0.73338891 0.68268787],[0.98806745 0.23200065 0.40285562],[0.38842044 0.99947388 0.98855416],[0.98806745 0.23200065 0.40285562],,,,,,
450,0.5850017666816711,,,,,,,,,,,,,,,,,,,,,,,,,
451,0.5954173803329468,,,,,,,,,,,,,,,,,,,,,,,,,
452,0.5979551672935486,,,,,,,,,,,,,,,,,,,,,,,,,
453,0.5911682844161987,,,,,,,,,,,,,,,,,,,,,,,,,
454,0.5964862704277039,,,,,,,,,,,,,,,,,,,,,,,,,
455,0.5964453220367432,,,,,,,,,,,,,,,,,,,,,,,,,
456,0.5893974900245667,,,,,,,,,,,,,,,,,,,,,,,,,
457,0.5889257192611694,,,,,,,,,,,,,,,,,,,,,,,,,
458,0.6004056334495544,,,,,,,,,,,,,,,,,,,,,,,,,
459,0.5934918522834778,,,,,,,,,,,,,,,,,,,,,,,,,
460,0.594946563243866,,,,,,,,,,,,,,,,,,,,,,,,,
461,0.5863763093948364,,,,,,,,,,,,,,,,,,,,,,,,,
462,0.5875300765037537,,,,,,,,,,,,,,,,,,,,,,,,,
463,0.59480220079422,,,,,,,,,,,,,,,,,,,,,,,,,
464,0.5884585380554199,,,,,,,,,,,,,,,,,,,,,,,,,
465,0.5949172973632812,,,,,,,,,,,,,,,,,,,,,,,,,
466,0.5864201784133911,,,,,,,,,,,,,,,,,,,,,,,,,
467,0.5887010097503662,,,,,,,,,,,,,,,,,,,,,,,,,
468,0.597247302532196,,,,,,,,,,,,,,,,,,,,,,,,,
469,0.5848166942596436,,,,,,,,,,,,,,,,,,,,,,,,,
470,0.5857587456703186,,,,,,,,,,,,,,,,,,,,,,,,,
471,0.5900250673294067,,,,,,,,,,,,,,,,,,,,,,,,,
472,0.5922066569328308,,,,,,,,,,,,,,,,,,,,,,,,,
473,0.5855974555015564,,,,,,,,,,,,,,,,,,,,,,,,,
474,0.6045705080032349,,,,,,,,,,,,,,,,,,,,,,,,,
475,0.5918986201286316,,,,,,,,,,,,,,,,,,,,,,,,,
476,0.5968399047851562,,,,,,,,,,,,,,,,,,,,,,,,,
477,0.5920799970626831,,,,,,,,,,,,,,,,,,,,,,,,,
478,0.601356029510498,,,,,,,,,,,,,,,,,,,,,,,,,
479,0.5892625451087952,,,,,,,,,,,,,,,,,,,,,,,,,
480,0.592853307723999,,,,,,,,,,,,,,,,,,,,,,,,,
481,0.59556645154953,,,,,,,,,,,,,,,,,,,,,,,,,
482,0.5866763591766357,,,,,,,,,,,,,,,,,,,,,,,,,
483,0.5909848809242249,,,,,,,,,,,,,,,,,,,,,,,,,
484,0.588763952255249,,,,,,,,,,,,,,,,,,,,,,,,,
485,0.6143699884414673,,,,,,,,,,,,,,,,,,,,,,,,,
486,0.5937693119049072,,,,,,,,,,,,,,,,,,,,,,,,,
487,0.5913028120994568,,,,,,,,,,,,,,,,,,,,,,,,,
488,0.5960842967033386,,,,,,,,,,,,,,,,,,,,,,,,,
489,0.5925343632698059,,,,,,,,,,,,,,,,,,,,,,,,,
490,0.5894516110420227,,,,,,,,,,,,,,,,,,,,,,,,,
491,0.5832554697990417,,,,,,,,,,,,,,,,,,,,,,,,,
492,0.6079413294792175,,,,,,,,,,,,,,,,,,,,,,,,,
493,,0.5928385853767395,,0.0001,,"[[9.29318738e+01 4.37960626e-02 9.29081128e-01]
 [2.77893714e-01 1.41648624e-01 1.64409569e-02]
 [2.90510984e+00 9.87607523e-03 2.74427983e+00]]",,,[0.95719459 0.28928225 0.41549856],[0.9781292  0.44874929 0.58707027],[0.96688334 0.72521028 0.7437472 ],[0.98963974 0.32489461 0.484918  ],[0.47778942 0.99946093 0.98997758],[0.98963974 0.32489461 0.484918  ],,,,,,,,,,,,
494,,,0.6008284219673702,0.0001,,,"[[9.24707685e+01 5.15710740e-02 1.09714125e+00]
 [4.59790104e-01 1.56009008e-01 4.13965296e-03]
 [3.39766407e+00 1.08708780e-02 2.35204545e+00]]",,,,,,,,[0.94864255 0.22862458 0.34277077],[0.9736445  0.37216345 0.51054249],[0.9599551  0.71416032 0.68109562],[0.98772999 0.25165229 0.40830008],[0.39543255 0.99937169 0.98831401],[0.98772999 0.25165229 0.40830008],,,,,,
0,,,,,1.1959406808018684,,,"[[9.27461310e+01 4.29451068e-02 1.06924922e+00]
 [4.12183714e-01 1.34470047e-01 2.91093596e-03]
 [3.19849974e+00 1.10693389e-02 2.38254086e+00]]",,,,,,,,,,,,,[0.95154483 0.22278776 0.35750965],[0.97517086 0.36439318 0.52671397],[0.96252799 0.71342764 0.68965182],[0.98815029 0.24468465 0.42605401],[0.41210115 0.99945687 0.98864332],[0.98815029 0.24468465 0.42605401]
